File name,Start city,Partial cost,Cost,Computation time,RCL size,Tour
rat195,112,,2887.6529659868493,0.6260049343109131,4,"[113, 114, 115, 116, 102, 103, 101, 100, 99, 98, 86, 85, 87, 88, 89, 90, 75, 74, 76, 77, 64, 63, 62, 61, 60, 48, 47, 49, 51, 50, 36, 35, 34, 33, 21, 22, 23, 24, 37, 38, 25, 12, 11, 10, 9, 8, 7, 6, 20, 19, 18, 5, 4, 3, 2, 1, 0, 13, 26, 39, 52, 53, 65, 78, 91, 104, 117, 130, 143, 144, 156, 169, 182, 183, 184, 187, 188, 189, 191, 192, 194, 193, 190, 186, 185, 170, 171, 157, 158, 172, 173, 174, 175, 176, 161, 163, 162, 160, 159, 145, 146, 131, 133, 147, 148, 149, 150, 164, 177, 178, 179, 166, 180, 181, 168, 167, 165, 152, 151, 136, 138, 153, 155, 154, 140, 139, 137, 135, 134, 132, 118, 119, 105, 107, 120, 121, 122, 123, 124, 125, 127, 128, 129, 142, 141, 126, 109, 108, 106, 92, 93, 94, 80, 79, 66, 67, 81, 82, 69, 68, 54, 40, 41, 42, 27, 14, 15, 16, 17, 28, 29, 30, 31, 32, 46, 45, 43, 44, 55, 56, 57, 70, 58, 59, 73, 72, 71, 84, 83, 96, 95, 97, 110, 111, 112]"
