File name,Start city,Partial cost,Cost,Computation time,RCL size,Tour
ch130,106,8078.182447396796,6738.223824885905,0.011899232864379883,1,"[106, 42, 103, 126, 69, 96, 25, 6, 62, 67, 47, 24, 97, 109, 88, 93, 28, 14, 99, 18, 26, 30, 33, 16, 53, 34, 3, 105, 37, 78, 94, 115, 23, 11, 86, 80, 102, 76, 112, 31, 35, 83, 118, 110, 122, 100, 81, 56, 8, 55, 64, 51, 74, 73, 98, 72, 91, 71, 90, 101, 5, 48, 57, 52, 119, 59, 50, 41, 43, 39, 46, 36, 21, 22, 121, 54, 13, 9, 95, 66, 12, 92, 19, 45, 79, 117, 1, 49, 129, 17, 20, 32, 125, 7, 107, 113, 2, 82, 29, 58, 120, 77, 89, 124, 84, 65, 27, 114, 61, 104, 111, 116, 38, 70, 40, 0, 127, 15, 44, 4, 10, 75, 108, 60, 128, 123, 63, 68, 87, 85]"
