File name,Start city,Partial cost,Cost,Computation time,RCL size,Tour
rat195,64,,2973.7929758084547,0.9416201114654541,15,"[51, 50, 38, 37, 25, 12, 11, 10, 9, 8, 7, 6, 5, 4, 3, 2, 1, 0, 13, 26, 39, 52, 53, 65, 78, 91, 104, 117, 130, 143, 144, 156, 169, 182, 183, 184, 187, 188, 189, 191, 192, 194, 193, 190, 186, 185, 170, 171, 157, 158, 172, 173, 174, 175, 176, 161, 163, 162, 160, 159, 145, 146, 131, 133, 147, 148, 149, 150, 164, 177, 178, 179, 166, 180, 181, 168, 167, 165, 152, 151, 136, 138, 153, 155, 154, 140, 139, 137, 135, 134, 132, 118, 119, 105, 107, 120, 121, 122, 123, 124, 125, 127, 128, 129, 142, 141, 126, 109, 108, 106, 92, 93, 94, 95, 97, 110, 111, 112, 113, 100, 114, 115, 116, 102, 103, 101, 99, 98, 96, 80, 79, 66, 67, 81, 82, 83, 84, 69, 68, 54, 40, 41, 42, 55, 56, 57, 70, 71, 72, 85, 86, 87, 88, 73, 59, 60, 58, 44, 43, 27, 28, 29, 30, 45, 46, 47, 32, 31, 14, 15, 16, 17, 18, 19, 20, 33, 34, 21, 22, 23, 24, 35, 36, 49, 48, 61, 74, 75, 89, 90, 76, 77, 62, 63, 64]"
