File name,Start city,Partial cost,Cost,Computation time,RCL size,Tour
rat195,131,,2983.989538621659,3.7915918827056885,1,"[146, 145, 159, 160, 162, 163, 161, 176, 175, 174, 173, 172, 158, 157, 171, 170, 185, 186, 190, 193, 194, 192, 191, 189, 188, 187, 184, 183, 182, 169, 156, 144, 143, 130, 117, 105, 104, 91, 78, 65, 53, 40, 41, 42, 55, 56, 57, 70, 71, 72, 85, 86, 87, 88, 73, 59, 61, 74, 75, 89, 90, 76, 77, 63, 64, 62, 60, 58, 44, 43, 29, 28, 30, 45, 46, 48, 47, 32, 31, 17, 18, 19, 20, 6, 33, 34, 49, 51, 50, 36, 35, 21, 22, 23, 24, 37, 38, 25, 11, 12, 10, 9, 8, 7, 5, 4, 3, 2, 1, 0, 13, 14, 15, 16, 27, 26, 39, 52, 54, 68, 69, 84, 83, 101, 103, 102, 116, 115, 114, 100, 99, 98, 97, 96, 82, 81, 67, 66, 79, 80, 92, 93, 94, 95, 110, 111, 112, 113, 129, 142, 141, 128, 127, 126, 125, 124, 123, 109, 108, 106, 107, 122, 121, 120, 118, 119, 134, 135, 137, 139, 140, 154, 155, 153, 138, 136, 151, 152, 165, 167, 168, 181, 180, 166, 179, 178, 177, 164, 150, 149, 148, 147, 133, 132, 131]"
