File name,Start city,Partial cost,Cost,Computation time,RCL size,Tour
pr107,105,47230.47394220824,45672.15963653,0.006392955780029297,1,"[105, 54, 103, 106, 104, 102, 99, 101, 100, 55, 98, 56, 95, 93, 96, 97, 94, 92, 89, 91, 90, 57, 88, 58, 85, 83, 86, 87, 84, 82, 79, 81, 80, 59, 78, 60, 75, 73, 76, 77, 74, 71, 68, 70, 72, 61, 69, 67, 64, 66, 63, 65, 62, 1, 4, 5, 2, 0, 3, 7, 11, 10, 9, 6, 8, 13, 16, 17, 14, 12, 15, 18, 21, 20, 23, 19, 22, 25, 28, 29, 26, 24, 27, 30, 33, 32, 35, 31, 34, 37, 40, 41, 38, 36, 39, 42, 45, 44, 47, 43, 46, 49, 52, 53, 50, 48, 51]"
