File name,Start city,Partial cost,Cost,Computation time,RCL size,Tour
eil51,32,539.1900190674694,481.7076325426128,0.0013020038604736328,1,"[32, 38, 9, 29, 33, 20, 28, 19, 34, 35, 2, 27, 21, 1, 15, 49, 8, 48, 4, 37, 10, 31, 0, 26, 50, 45, 11, 46, 17, 5, 47, 7, 30, 25, 6, 22, 42, 23, 13, 24, 3, 16, 36, 14, 44, 43, 41, 18, 40, 12, 39]"
