File name,Start city,Partial cost,Cost,Computation time,RCL size,Tour
kroA150,131,,28299.21905210757,2.6555769443511963,3,"[111, 106, 29, 120, 100, 38, 95, 77, 51, 4, 36, 146, 102, 145, 32, 75, 12, 94, 125, 81, 115, 49, 43, 113, 143, 1, 53, 39, 63, 68, 72, 67, 84, 134, 139, 80, 24, 144, 86, 124, 50, 60, 107, 57, 92, 27, 66, 104, 141, 147, 129, 91, 7, 41, 121, 132, 137, 88, 30, 79, 138, 55, 142, 118, 96, 74, 18, 3, 64, 117, 123, 25, 128, 65, 69, 52, 133, 15, 21, 93, 87, 136, 78, 17, 23, 37, 103, 110, 101, 98, 35, 83, 9, 105, 89, 48, 5, 62, 0, 130, 46, 112, 71, 20, 73, 126, 58, 140, 10, 16, 14, 31, 108, 44, 90, 97, 22, 109, 76, 59, 61, 149, 34, 85, 19, 56, 8, 116, 6, 11, 26, 119, 114, 148, 54, 82, 33, 28, 45, 2, 122, 42, 127, 135, 40, 70, 99, 47, 13, 131]"
