File name,Start city,Partial cost,Cost,Computation time,RCL size,Tour
kroA150,131,33544.42453288677,29494.078525351004,0.011837005615234375,1,"[131, 111, 28, 45, 2, 135, 13, 70, 40, 99, 47, 29, 120, 106, 84, 67, 100, 38, 146, 95, 77, 51, 4, 36, 102, 145, 32, 75, 12, 94, 125, 81, 115, 1, 53, 39, 63, 143, 113, 43, 49, 72, 68, 80, 24, 60, 107, 57, 130, 46, 112, 9, 83, 48, 5, 62, 0, 129, 92, 27, 66, 104, 141, 147, 132, 137, 88, 30, 79, 121, 41, 7, 91, 138, 55, 142, 118, 117, 123, 25, 128, 65, 64, 3, 69, 21, 93, 15, 87, 133, 52, 18, 96, 74, 89, 105, 78, 136, 17, 23, 37, 103, 110, 101, 98, 35, 126, 71, 20, 73, 58, 140, 16, 14, 10, 31, 108, 44, 90, 97, 22, 109, 76, 59, 61, 149, 34, 85, 26, 11, 119, 114, 127, 42, 122, 148, 54, 82, 33, 134, 139, 124, 50, 86, 144, 8, 116, 6, 56, 19]"
