File name,Start city,Partial cost,Cost,Computation time,RCL size,Tour
rat195,131,2628.5608671202913,2429.1177646879196,0.014101028442382812,1,"[131, 132, 133, 146, 147, 148, 149, 150, 151, 152, 165, 164, 163, 162, 161, 160, 159, 158, 171, 170, 182, 183, 184, 185, 186, 187, 188, 189, 190, 191, 192, 193, 194, 181, 180, 178, 177, 176, 175, 174, 173, 172, 169, 156, 157, 145, 144, 143, 130, 117, 118, 119, 120, 121, 122, 123, 124, 125, 126, 113, 112, 111, 110, 109, 108, 107, 106, 105, 104, 91, 92, 93, 94, 95, 96, 97, 98, 83, 82, 81, 80, 79, 78, 65, 66, 67, 68, 69, 70, 57, 56, 55, 54, 53, 52, 39, 40, 41, 42, 43, 26, 27, 28, 29, 30, 31, 32, 33, 20, 19, 17, 16, 15, 14, 13, 0, 1, 2, 3, 4, 5, 18, 6, 7, 8, 9, 10, 11, 12, 25, 24, 23, 22, 21, 34, 35, 36, 37, 38, 51, 50, 49, 48, 47, 46, 45, 44, 58, 59, 60, 61, 62, 63, 64, 77, 76, 75, 74, 73, 72, 71, 84, 85, 86, 87, 88, 89, 90, 103, 102, 101, 100, 99, 114, 115, 116, 129, 128, 127, 141, 142, 154, 155, 168, 179, 166, 167, 153, 140, 139, 138, 137, 136, 135, 134]"
