File name,Start city,Partial cost,Cost,Computation time,RCL size,Tour
rat195,147,,2857.526376744088,0.8089139461517334,2,"[148, 149, 150, 164, 177, 178, 179, 166, 180, 181, 168, 167, 165, 152, 151, 134, 135, 136, 137, 138, 153, 155, 154, 140, 139, 124, 125, 123, 122, 121, 120, 107, 108, 109, 95, 94, 97, 110, 111, 112, 126, 127, 128, 141, 142, 129, 113, 100, 114, 115, 116, 102, 103, 101, 99, 98, 96, 83, 84, 85, 86, 87, 88, 73, 74, 75, 89, 90, 76, 77, 64, 63, 62, 61, 60, 59, 72, 71, 70, 57, 55, 56, 58, 44, 43, 45, 46, 48, 47, 32, 33, 34, 49, 51, 50, 36, 35, 21, 20, 19, 18, 6, 22, 23, 24, 37, 38, 25, 11, 12, 10, 9, 8, 7, 5, 4, 3, 2, 1, 0, 13, 26, 27, 14, 15, 16, 17, 31, 30, 28, 29, 42, 41, 40, 39, 52, 53, 54, 68, 69, 82, 81, 67, 66, 65, 78, 79, 80, 92, 91, 104, 93, 106, 105, 117, 130, 143, 156, 169, 182, 183, 184, 187, 188, 189, 191, 192, 194, 193, 190, 186, 185, 170, 171, 158, 172, 173, 174, 175, 176, 161, 163, 162, 160, 159, 157, 144, 131, 118, 119, 132, 133, 146, 145, 147]"
