File name,Start city,Partial cost,Cost,Computation time,RCL size,Tour
kroA150,131,,33544.42453288677,0.0013110637664794922,1,"[131, 111, 28, 45, 2, 135, 42, 122, 114, 119, 148, 54, 82, 33, 134, 139, 116, 6, 8, 56, 144, 86, 124, 50, 60, 24, 80, 68, 72, 49, 43, 113, 143, 63, 39, 53, 1, 115, 81, 125, 94, 12, 32, 145, 102, 75, 36, 4, 77, 51, 95, 38, 100, 120, 29, 106, 84, 67, 146, 47, 99, 70, 40, 13, 127, 11, 26, 85, 34, 149, 61, 59, 76, 109, 22, 97, 90, 108, 31, 10, 14, 16, 140, 58, 73, 20, 71, 112, 9, 83, 35, 37, 23, 17, 136, 78, 105, 89, 48, 5, 62, 0, 129, 91, 7, 41, 121, 79, 30, 88, 132, 137, 147, 141, 104, 66, 107, 57, 27, 92, 130, 46, 44, 126, 98, 101, 110, 103, 93, 21, 15, 87, 133, 52, 18, 74, 96, 142, 55, 138, 118, 3, 64, 65, 128, 25, 123, 117, 69, 19]"
